{"app":"LogiGHUB","build":"31123","client":"1064035e-efe9-d345-8fc4-e9187abb5f6e","evcat":"app","evdata":"2020.1.31123","evextra":"{\"channel\":\"public\"}","evgroup":"","evname":"version","evstatus":"","extra":"null","major":"2020","minor":"1","timestamp":"2020-02-12 09:26:43.581344","user":"07jEW+0kcwp3zakuQtp7zwAA","upload":"515ac693-899c-8d4c-b5e5-e613cca815a8"}
{"app":"LogiGHUB","build":"31123","client":"1064035e-efe9-d345-8fc4-e9187abb5f6e","evcat":"status","evdata":"0","evextra":"[{\"is_custom\":false,\"name\":\"APPLICATION_NAME_DESKTOP\",\"profile_count\":1},{\"is_custom\":false,\"name\":\"Rainbow Six Siege\",\"profile_count\":1},{\"is_custom\":false,\"name\":\"Counter-Strike: Global Offensive\",\"profile_count\":1},{\"is_custom\":false,\"name\":\"For Honor\",\"profile_count\":1},{\"is_custom\":false,\"name\":\"Dota 2\",\"profile_count\":1},{\"is_custom\":false,\"name\":\"Apex Legends\",\"profile_count\":1}]","evgroup":"","evname":"applications","evstatus":"6","extra":"null","major":"2020","minor":"1","timestamp":"2020-02-12 09:26:43.581826","user":"07jEW+0kcwp3zakuQtp7zwAA","upload":"515ac693-899c-8d4c-b5e5-e613cca815a8"}
{"app":"LogiGHUB","build":"31123","client":"1064035e-efe9-d345-8fc4-e9187abb5f6e","evcat":"status","evdata":"c07e","evextra":"","evgroup":"","evname":"arrival","evstatus":"USB","extra":"null","major":"2020","minor":"1","timestamp":"2020-02-12 09:26:43.581972","user":"07jEW+0kcwp3zakuQtp7zwAA","upload":"515ac693-899c-8d4c-b5e5-e613cca815a8"}
{"app":"LogiGHUB","build":"31123","client":"1064035e-efe9-d345-8fc4-e9187abb5f6e","evcat":"status","evdata":"c07e","evextra":"","evgroup":"","evname":"arrival","evstatus":"USB","extra":"null","major":"2020","minor":"1","timestamp":"2020-02-12 13:00:14.276313","user":"07jEW+0kcwp3zakuQtp7zwAA","upload":"515ac693-899c-8d4c-b5e5-e613cca815a8"}
{"app":"LogiGHUB","build":"31123","client":"1064035e-efe9-d345-8fc4-e9187abb5f6e","evcat":"app","evdata":"2020.1.31123","evextra":"{\"channel\":\"public\"}","evgroup":"","evname":"version","evstatus":"","extra":"null","major":"2020","minor":"1","timestamp":"2020-02-12 13:58:32.513482","user":"07jEW+0kcwp3zakuQtp7zwAA","upload":"515ac693-899c-8d4c-b5e5-e613cca815a8"}
{"app":"LogiGHUB","build":"31123","client":"1064035e-efe9-d345-8fc4-e9187abb5f6e","evcat":"status","evdata":"0","evextra":"[{\"is_custom\":false,\"name\":\"APPLICATION_NAME_DESKTOP\",\"profile_count\":1},{\"is_custom\":false,\"name\":\"Rainbow Six Siege\",\"profile_count\":1},{\"is_custom\":false,\"name\":\"Counter-Strike: Global Offensive\",\"profile_count\":1},{\"is_custom\":false,\"name\":\"For Honor\",\"profile_count\":1},{\"is_custom\":false,\"name\":\"Dota 2\",\"profile_count\":1},{\"is_custom\":false,\"name\":\"Apex Legends\",\"profile_count\":1}]","evgroup":"","evname":"applications","evstatus":"6","extra":"null","major":"2020","minor":"1","timestamp":"2020-02-12 13:58:32.514204","user":"07jEW+0kcwp3zakuQtp7zwAA","upload":"515ac693-899c-8d4c-b5e5-e613cca815a8"}
{"app":"LogiGHUB","build":"31123","client":"1064035e-efe9-d345-8fc4-e9187abb5f6e","evcat":"status","evdata":"c07e","evextra":"","evgroup":"","evname":"arrival","evstatus":"USB","extra":"null","major":"2020","minor":"1","timestamp":"2020-02-12 13:58:32.514342","user":"07jEW+0kcwp3zakuQtp7zwAA","upload":"515ac693-899c-8d4c-b5e5-e613cca815a8"}
